<metadata xml:lang="en"><Esri><CreaDate>20230802</CreaDate><CreaTime>07495700</CreaTime><ArcGISFormat>1.0</ArcGISFormat><SyncOnce>FALSE</SyncOnce><DataProperties><itemProps><itemName Sync="TRUE">JacksonEJI</itemName><imsContentType Sync="TRUE">002</imsContentType><itemLocation><linkage Sync="TRUE">file://\\Mac\Home\Documents\Data\Jackson_Data\JacksonEJI\JacksonEJI.shp</linkage><protocol Sync="TRUE">Local Area Network</protocol></itemLocation><itemSize Sync="TRUE">0.000</itemSize></itemProps><coordRef><type Sync="TRUE">Geographic</type><geogcsn Sync="TRUE">GCS_WGS_1984</geogcsn><csUnits Sync="TRUE">Angular Unit: Degree (0.017453)</csUnits><peXml Sync="TRUE">&lt;GeographicCoordinateSystem xsi:type='typens:GeographicCoordinateSystem' xmlns:xsi='http://www.w3.org/2001/XMLSchema-instance' xmlns:xs='http://www.w3.org/2001/XMLSchema' xmlns:typens='http://www.esri.com/schemas/ArcGIS/3.1.0'&gt;&lt;WKT&gt;GEOGCS[&amp;quot;GCS_WGS_1984&amp;quot;,DATUM[&amp;quot;D_WGS_1984&amp;quot;,SPHEROID[&amp;quot;WGS_1984&amp;quot;,6378137.0,298.257223563]],PRIMEM[&amp;quot;Greenwich&amp;quot;,0.0],UNIT[&amp;quot;Degree&amp;quot;,0.0174532925199433],AUTHORITY[&amp;quot;EPSG&amp;quot;,4326]]&lt;/WKT&gt;&lt;XOrigin&gt;-400&lt;/XOrigin&gt;&lt;YOrigin&gt;-400&lt;/YOrigin&gt;&lt;XYScale&gt;11258999068426.238&lt;/XYScale&gt;&lt;ZOrigin&gt;-100000&lt;/ZOrigin&gt;&lt;ZScale&gt;10000&lt;/ZScale&gt;&lt;MOrigin&gt;-100000&lt;/MOrigin&gt;&lt;MScale&gt;10000&lt;/MScale&gt;&lt;XYTolerance&gt;8.983152841195215e-09&lt;/XYTolerance&gt;&lt;ZTolerance&gt;0.001&lt;/ZTolerance&gt;&lt;MTolerance&gt;0.001&lt;/MTolerance&gt;&lt;HighPrecision&gt;true&lt;/HighPrecision&gt;&lt;LeftLongitude&gt;-180&lt;/LeftLongitude&gt;&lt;WKID&gt;4326&lt;/WKID&gt;&lt;LatestWKID&gt;4326&lt;/LatestWKID&gt;&lt;/GeographicCoordinateSystem&gt;</peXml></coordRef><lineage><Process ToolSource="c:\users\ekv5\appdata\local\programs\arcgis\pro\Resources\ArcToolbox\toolboxes\Data Management Tools.tbx\CopyFeatures" Date="20210209" Time="100803">CopyFeatures \\cdc.gov\project\ATS_GIS_Store6\GeoRepository\USA\CartoBoundaries\cbgdb_2019_us_all_500k.gdb\cb_2019_us_tract_500k D:\repos\EBI\sde_grasp_ebi\ebi\ebi2020_data_update\EBI2020_dataUpdate\EBI2020_dataUpdate.gdb\cb_2019_us_tract_500k # # # #</Process><Process ToolSource="c:\users\ekv5\appdata\local\programs\arcgis\pro\Resources\ArcToolbox\toolboxes\Data Management Tools.tbx\Project" Date="20210209" Time="133738">Project D:\repos\EBI\sde_grasp_ebi\ebi\ebi2020_data_update\EBI2020_dataUpdate\EBI2020_dataUpdate.gdb\cb_2019_us_tract_500k D:\repos\EBI\sde_grasp_ebi\ebi\ebi2020_data_update\EBI2020_dataUpdate\EBI2020_dataUpdate.gdb\cb_2019_us_tract_500k_102003 PROJCS['USA_Contiguous_Albers_Equal_Area_Conic',GEOGCS['GCS_North_American_1983',DATUM['D_North_American_1983',SPHEROID['GRS_1980',6378137.0,298.257222101]],PRIMEM['Greenwich',0.0],UNIT['Degree',0.0174532925199433]],PROJECTION['Albers'],PARAMETER['False_Easting',0.0],PARAMETER['False_Northing',0.0],PARAMETER['Central_Meridian',-96.0],PARAMETER['Standard_Parallel_1',29.5],PARAMETER['Standard_Parallel_2',45.5],PARAMETER['Latitude_Of_Origin',37.5],UNIT['Meter',1.0]] # GEOGCS['GCS_North_American_1983',DATUM['D_North_American_1983',SPHEROID['GRS_1980',6378137.0,298.257222101]],PRIMEM['Greenwich',0.0],UNIT['Degree',0.0174532925199433]] NO_PRESERVE_SHAPE # NO_VERTICAL</Process><Process ToolSource="c:\users\ekv5\appdata\local\programs\arcgis\pro\Resources\ArcToolbox\Toolboxes\Data Management Tools.tbx\CopyMultiple" Date="20210218" Time="154757">CopyMultiple "D:\repos\EBI\sde_grasp_ebi\ebi\ebi2020_data_update\EBI2020_dataUpdate\EBI2020_dataUpdate.gdb\cb_2019_us_tract_500k_102003 FeatureClass" D:\repos\EBI\sde_grasp_ebi\ebi\ebi2020_data_update\EBI2020_dataUpdate\sde_grasp_ebi_SDEADMIN.sde cb_2019_us_tract_500k_102003 "cb_2019_us_tract_500k_102003 FeatureClass sde_grasp_ebi.SDEADMIN.cb_2019_us_tract_500k_102003 #"</Process><Process ToolSource="c:\program files\arcgis\pro\Resources\ArcToolbox\toolboxes\Conversion Tools.tbx\FeatureClassToFeatureClass" Date="20220201" Time="075307">FeatureClassToFeatureClass C:\Users\qrv7\Desktop\local_temp\EJI\2022_GIS\grasp-data-warehouse(1).sde\sde_grasp_ebi.SDEADMIN.cb_2019_us_tract_500k_102003 C:\Users\qrv7\Desktop\local_temp\EJI\2022_GIS\ArcPro.gdb cb_2019_us_tract_500k_102003 # "STATEFP "STATEFP" true true false 2 Text 0 0,First,#,C:\Users\qrv7\Desktop\local_temp\EJI\2022_GIS\grasp-data-warehouse(1).sde\sde_grasp_ebi.SDEADMIN.cb_2019_us_tract_500k_102003,STATEFP,0,2;COUNTYFP "COUNTYFP" true true false 3 Text 0 0,First,#,C:\Users\qrv7\Desktop\local_temp\EJI\2022_GIS\grasp-data-warehouse(1).sde\sde_grasp_ebi.SDEADMIN.cb_2019_us_tract_500k_102003,COUNTYFP,0,3;TRACTCE "TRACTCE" true true false 6 Text 0 0,First,#,C:\Users\qrv7\Desktop\local_temp\EJI\2022_GIS\grasp-data-warehouse(1).sde\sde_grasp_ebi.SDEADMIN.cb_2019_us_tract_500k_102003,TRACTCE,0,6;AFFGEOID "AFFGEOID" true true false 20 Text 0 0,First,#,C:\Users\qrv7\Desktop\local_temp\EJI\2022_GIS\grasp-data-warehouse(1).sde\sde_grasp_ebi.SDEADMIN.cb_2019_us_tract_500k_102003,AFFGEOID,0,20;GEOID "GEOID" true true false 11 Text 0 0,First,#,C:\Users\qrv7\Desktop\local_temp\EJI\2022_GIS\grasp-data-warehouse(1).sde\sde_grasp_ebi.SDEADMIN.cb_2019_us_tract_500k_102003,GEOID,0,11;NAME "NAME" true true false 100 Text 0 0,First,#,C:\Users\qrv7\Desktop\local_temp\EJI\2022_GIS\grasp-data-warehouse(1).sde\sde_grasp_ebi.SDEADMIN.cb_2019_us_tract_500k_102003,NAME,0,100;LSAD "LSAD" true true false 2 Text 0 0,First,#,C:\Users\qrv7\Desktop\local_temp\EJI\2022_GIS\grasp-data-warehouse(1).sde\sde_grasp_ebi.SDEADMIN.cb_2019_us_tract_500k_102003,LSAD,0,2;ALAND "ALAND" true true false 8 Double 8 38,First,#,C:\Users\qrv7\Desktop\local_temp\EJI\2022_GIS\grasp-data-warehouse(1).sde\sde_grasp_ebi.SDEADMIN.cb_2019_us_tract_500k_102003,ALAND,-1,-1;AWATER "AWATER" true true false 8 Double 8 38,First,#,C:\Users\qrv7\Desktop\local_temp\EJI\2022_GIS\grasp-data-warehouse(1).sde\sde_grasp_ebi.SDEADMIN.cb_2019_us_tract_500k_102003,AWATER,-1,-1" #</Process><Process ToolSource="c:\program files\arcgis\pro\Resources\ArcToolbox\toolboxes\Data Management Tools.tbx\AddFields" Date="20220201" Time="085643">AddFields AirToxic\cb_2019_us_tract_500k_102003 "POLY_AREA DOUBLE # # # #"</Process><Process ToolSource="c:\program files\arcgis\pro\Resources\ArcToolbox\toolboxes\Data Management Tools.tbx\AddGeometryAttributes" Date="20220201" Time="085734">AddGeometryAttributes AirToxic\cb_2019_us_tract_500k_102003 AREA # "Square miles (United States)" #</Process><Process ToolSource="c:\program files\arcgis\pro\Resources\ArcToolbox\toolboxes\Data Management Tools.tbx\UpdateSchema" Date="20220201" Time="091428">UpdateSchema "CIMDATA=&lt;CIMStandardDataConnection xsi:type='typens:CIMStandardDataConnection' xmlns:xsi='http://www.w3.org/2001/XMLSchema-instance' xmlns:xs='http://www.w3.org/2001/XMLSchema' xmlns:typens='http://www.esri.com/schemas/ArcGIS/2.6.0'&gt;&lt;WorkspaceConnectionString&gt;DATABASE=C:\Users\qrv7\Desktop\local_temp\EJI\2022_GIS\ArcPro.gdb&lt;/WorkspaceConnectionString&gt;&lt;WorkspaceFactory&gt;FileGDB&lt;/WorkspaceFactory&gt;&lt;Dataset&gt;cb_2019_us_tract_500k_102003&lt;/Dataset&gt;&lt;DatasetType&gt;esriDTFeatureClass&lt;/DatasetType&gt;&lt;/CIMStandardDataConnection&gt;" &lt;operationSequence&gt;&lt;workflow&gt;&lt;AlterField&gt;&lt;field_name&gt;POLY_AREA&lt;/field_name&gt;&lt;new_field_name&gt;POLY_AREA_TRACT&lt;/new_field_name&gt;&lt;field_is_nullable&gt;True&lt;/field_is_nullable&gt;&lt;clear_field_alias&gt;False&lt;/clear_field_alias&gt;&lt;/AlterField&gt;&lt;/workflow&gt;&lt;/operationSequence&gt;</Process><Process ToolSource="c:\program files\arcgis\pro\Resources\ArcToolbox\toolboxes\Data Management Tools.tbx\CopyMultiple" Date="20230802" Time="074207">CopyMultiple "C:\Users\qrv7\Desktop\local_temp\EJI\EBM\2022_GIS\ArcPro.gdb\cb_2019_us_tract_500k_102003 FeatureClass" C:\Users\qrv7\Desktop\local_temp\EJI\Final_Analysis\GIS\ArcPro.gdb cb_2019_us_tract_500k_102003 "cb_2019_us_tract_500k_102003 FeatureClass cb_2019_us_tract_500k_102003 #"</Process><Process ToolSource="c:\program files\arcgis\pro\Resources\ArcToolbox\toolboxes\Data Management Tools.tbx\Project" Date="20230802" Time="075004">Project cb_2019_us_tract_500k_102003 C:\Users\qrv7\Desktop\local_temp\EJI\Final_Analysis\GIS\ArcPro.gdb\cb_2019_us_tract_500k_WGS1984 GEOGCS["GCS_WGS_1984",DATUM["D_WGS_1984",SPHEROID["WGS_1984",6378137.0,298.257223563]],PRIMEM["Greenwich",0.0],UNIT["Degree",0.0174532925199433]] WGS_1984_(ITRF00)_To_NAD_1983 PROJCS["USA_Contiguous_Albers_Equal_Area_Conic",GEOGCS["GCS_North_American_1983",DATUM["D_North_American_1983",SPHEROID["GRS_1980",6378137.0,298.257222101]],PRIMEM["Greenwich",0.0],UNIT["Degree",0.0174532925199433]],PROJECTION["Albers"],PARAMETER["False_Easting",0.0],PARAMETER["False_Northing",0.0],PARAMETER["Central_Meridian",-96.0],PARAMETER["Standard_Parallel_1",29.5],PARAMETER["Standard_Parallel_2",45.5],PARAMETER["Latitude_Of_Origin",37.5],UNIT["Meter",1.0]] NO_PRESERVE_SHAPE # NO_VERTICAL</Process><Process ToolSource="c:\program files\arcgis\pro\Resources\ArcToolbox\toolboxes\Conversion Tools.tbx\FeatureClassToFeatureClass" Date="20230802" Time="113038">FeatureClassToFeatureClass cb_2019_us_tract_500k_WGS1984 C:\Users\qrv7\Desktop\local_temp\EJI\Final_Analysis\FINAL_DATA\final_output.gdb Environmental_Justice_Index_2022_update073123 # "STATEFP "STATEFP" true true false 2 Text 0 0,First,#,cb_2019_us_tract_500k_WGS1984,cb_2019_us_tract_500k_WGS1984.STATEFP,0,2;COUNTYFP "COUNTYFP" true true false 3 Text 0 0,First,#,cb_2019_us_tract_500k_WGS1984,cb_2019_us_tract_500k_WGS1984.COUNTYFP,0,3;TRACTCE "TRACTCE" true true false 6 Text 0 0,First,#,cb_2019_us_tract_500k_WGS1984,cb_2019_us_tract_500k_WGS1984.TRACTCE,0,6;AFFGEOID "AFFGEOID" true true false 20 Text 0 0,First,#,cb_2019_us_tract_500k_WGS1984,cb_2019_us_tract_500k_WGS1984.AFFGEOID,0,20;GEOID "GEOID" true true false 11 Text 0 0,First,#,cb_2019_us_tract_500k_WGS1984,cb_2019_us_tract_500k_WGS1984.GEOID,0,11;NAME "NAME" true true false 100 Text 0 0,First,#,cb_2019_us_tract_500k_WGS1984,cb_2019_us_tract_500k_WGS1984.NAME,0,100;COUNTY "COUNTY" true true false 255 Text 0 0,First,#,cb_2019_us_tract_500k_WGS1984,Environmental_Justice_Index_2022_Table_update073123.COUNTY,0,255;StateAbbr "StateAbbr" true true false 255 Text 0 0,First,#,cb_2019_us_tract_500k_WGS1984,Environmental_Justice_Index_2022_Table_update073123.StateAbbr,0,255;StateDesc "StateDesc" true true false 255 Text 0 0,First,#,cb_2019_us_tract_500k_WGS1984,Environmental_Justice_Index_2022_Table_update073123.StateDesc,0,255;Location "Location" true true false 255 Text 0 0,First,#,cb_2019_us_tract_500k_WGS1984,Environmental_Justice_Index_2022_Table_update073123.Location,0,255;E_TOTPOP "E_TOTPOP" true true false 8 Double 0 0,First,#,cb_2019_us_tract_500k_WGS1984,Environmental_Justice_Index_2022_Table_update073123.E_TOTPOP,-1,-1;M_TOTPOP "M_TOTPOP" true true false 8 Double 0 0,First,#,cb_2019_us_tract_500k_WGS1984,Environmental_Justice_Index_2022_Table_update073123.M_TOTPOP,-1,-1;E_DAYPOP "E_DAYPOP" true true false 8 Double 0 0,First,#,cb_2019_us_tract_500k_WGS1984,Environmental_Justice_Index_2022_Table_update073123.E_DAYPOP,-1,-1;SPL_EJI "SPL_EJI" true true false 8 Double 0 0,First,#,cb_2019_us_tract_500k_WGS1984,Environmental_Justice_Index_2022_Table_update073123.SPL_EJI,-1,-1;RPL_EJI "RPL_EJI" true true false 8 Double 0 0,First,#,cb_2019_us_tract_500k_WGS1984,Environmental_Justice_Index_2022_Table_update073123.RPL_EJI,-1,-1;SPL_CI "SPL_CI" true true false 8 Double 0 0,First,#,cb_2019_us_tract_500k_WGS1984,Environmental_Justice_Index_2022_Table_update073123.SPL_CI,-1,-1;RPL_CI "RPL_CI" true true false 8 Double 0 0,First,#,cb_2019_us_tract_500k_WGS1984,Environmental_Justice_Index_2022_Table_update073123.RPL_CI,-1,-1;EPL_OZONE "EPL_OZONE" true true false 8 Double 0 0,First,#,cb_2019_us_tract_500k_WGS1984,Environmental_Justice_Index_2022_Table_update073123.EPL_OZONE,-1,-1;EPL_PM "EPL_PM" true true false 8 Double 0 0,First,#,cb_2019_us_tract_500k_WGS1984,Environmental_Justice_Index_2022_Table_update073123.EPL_PM,-1,-1;EPL_DSLPM "EPL_DSLPM" true true false 8 Double 0 0,First,#,cb_2019_us_tract_500k_WGS1984,Environmental_Justice_Index_2022_Table_update073123.EPL_DSLPM,-1,-1;EPL_TOTCR "EPL_TOTCR" true true false 8 Double 0 0,First,#,cb_2019_us_tract_500k_WGS1984,Environmental_Justice_Index_2022_Table_update073123.EPL_TOTCR,-1,-1;SPL_EBM_THEME1 "SPL_EBM_THEME1" true true false 8 Double 0 0,First,#,cb_2019_us_tract_500k_WGS1984,Environmental_Justice_Index_2022_Table_update073123.SPL_EBM_THEME1,-1,-1;RPL_EBM_DOM1 "RPL_EBM_DOM1" true true false 8 Double 0 0,First,#,cb_2019_us_tract_500k_WGS1984,Environmental_Justice_Index_2022_Table_update073123.RPL_EBM_DOM1,-1,-1;EPL_NPL "EPL_NPL" true true false 8 Double 0 0,First,#,cb_2019_us_tract_500k_WGS1984,Environmental_Justice_Index_2022_Table_update073123.EPL_NPL,-1,-1;EPL_TRI "EPL_TRI" true true false 8 Double 0 0,First,#,cb_2019_us_tract_500k_WGS1984,Environmental_Justice_Index_2022_Table_update073123.EPL_TRI,-1,-1;EPL_TSD "EPL_TSD" true true false 8 Double 0 0,First,#,cb_2019_us_tract_500k_WGS1984,Environmental_Justice_Index_2022_Table_update073123.EPL_TSD,-1,-1;EPL_RMP "EPL_RMP" true true false 8 Double 0 0,First,#,cb_2019_us_tract_500k_WGS1984,Environmental_Justice_Index_2022_Table_update073123.EPL_RMP,-1,-1;EPL_COAL "EPL_COAL" true true false 8 Double 0 0,First,#,cb_2019_us_tract_500k_WGS1984,Environmental_Justice_Index_2022_Table_update073123.EPL_COAL,-1,-1;EPL_LEAD "EPL_LEAD" true true false 8 Double 0 0,First,#,cb_2019_us_tract_500k_WGS1984,Environmental_Justice_Index_2022_Table_update073123.EPL_LEAD,-1,-1;SPL_EBM_THEME2 "SPL_EBM_THEME2" true true false 8 Double 0 0,First,#,cb_2019_us_tract_500k_WGS1984,Environmental_Justice_Index_2022_Table_update073123.SPL_EBM_THEME2,-1,-1;RPL_EBM_DOM2 "RPL_EBM_DOM2" true true false 8 Double 0 0,First,#,cb_2019_us_tract_500k_WGS1984,Environmental_Justice_Index_2022_Table_update073123.RPL_EBM_DOM2,-1,-1;EPL_PARK "EPL_PARK" true true false 8 Double 0 0,First,#,cb_2019_us_tract_500k_WGS1984,Environmental_Justice_Index_2022_Table_update073123.EPL_PARK,-1,-1;EPL_HOUAGE "EPL_HOUAGE" true true false 8 Double 0 0,First,#,cb_2019_us_tract_500k_WGS1984,Environmental_Justice_Index_2022_Table_update073123.EPL_HOUAGE,-1,-1;EPL_WLKIND "EPL_WLKIND" true true false 8 Double 0 0,First,#,cb_2019_us_tract_500k_WGS1984,Environmental_Justice_Index_2022_Table_update073123.EPL_WLKIND,-1,-1;SPL_EBM_THEME3 "SPL_EBM_THEME3" true true false 8 Double 0 0,First,#,cb_2019_us_tract_500k_WGS1984,Environmental_Justice_Index_2022_Table_update073123.SPL_EBM_THEME3,-1,-1;RPL_EBM_DOM3 "RPL_EBM_DOM3" true true false 8 Double 0 0,First,#,cb_2019_us_tract_500k_WGS1984,Environmental_Justice_Index_2022_Table_update073123.RPL_EBM_DOM3,-1,-1;EPL_RAIL "EPL_RAIL" true true false 8 Double 0 0,First,#,cb_2019_us_tract_500k_WGS1984,Environmental_Justice_Index_2022_Table_update073123.EPL_RAIL,-1,-1;EPL_ROAD "EPL_ROAD" true true false 8 Double 0 0,First,#,cb_2019_us_tract_500k_WGS1984,Environmental_Justice_Index_2022_Table_update073123.EPL_ROAD,-1,-1;EPL_AIRPRT "EPL_AIRPRT" true true false 8 Double 0 0,First,#,cb_2019_us_tract_500k_WGS1984,Environmental_Justice_Index_2022_Table_update073123.EPL_AIRPRT,-1,-1;SPL_EBM_THEME4 "SPL_EBM_THEME4" true true false 8 Double 0 0,First,#,cb_2019_us_tract_500k_WGS1984,Environmental_Justice_Index_2022_Table_update073123.SPL_EBM_THEME4,-1,-1;RPL_EBM_DOM4 "RPL_EBM_DOM4" true true false 8 Double 0 0,First,#,cb_2019_us_tract_500k_WGS1984,Environmental_Justice_Index_2022_Table_update073123.RPL_EBM_DOM4,-1,-1;EPL_IMPWTR "EPL_IMPWTR" true true false 8 Double 0 0,First,#,cb_2019_us_tract_500k_WGS1984,Environmental_Justice_Index_2022_Table_update073123.EPL_IMPWTR,-1,-1;SPL_EBM_THEME5 "SPL_EBM_THEME5" true true false 8 Double 0 0,First,#,cb_2019_us_tract_500k_WGS1984,Environmental_Justice_Index_2022_Table_update073123.SPL_EBM_THEME5,-1,-1;RPL_EBM_DOM5 "RPL_EBM_DOM5" true true false 8 Double 0 0,First,#,cb_2019_us_tract_500k_WGS1984,Environmental_Justice_Index_2022_Table_update073123.RPL_EBM_DOM5,-1,-1;SPL_EBM "SPL_EBM" true true false 8 Double 0 0,First,#,cb_2019_us_tract_500k_WGS1984,Environmental_Justice_Index_2022_Table_update073123.SPL_EBM,-1,-1;RPL_EBM "RPL_EBM" true true false 8 Double 0 0,First,#,cb_2019_us_tract_500k_WGS1984,Environmental_Justice_Index_2022_Table_update073123.RPL_EBM,-1,-1;EPL_MINRTY "EPL_MINRTY" true true false 8 Double 0 0,First,#,cb_2019_us_tract_500k_WGS1984,Environmental_Justice_Index_2022_Table_update073123.EPL_MINRTY,-1,-1;SPL_SVM_DOM1 "SPL_SVM_DOM1" true true false 8 Double 0 0,First,#,cb_2019_us_tract_500k_WGS1984,Environmental_Justice_Index_2022_Table_update073123.SPL_SVM_DOM1,-1,-1;RPL_SVM_DOM1 "RPL_SVM_DOM1" true true false 8 Double 0 0,First,#,cb_2019_us_tract_500k_WGS1984,Environmental_Justice_Index_2022_Table_update073123.RPL_SVM_DOM1,-1,-1;EPL_POV200 "EPL_POV200" true true false 8 Double 0 0,First,#,cb_2019_us_tract_500k_WGS1984,Environmental_Justice_Index_2022_Table_update073123.EPL_POV200,-1,-1;EPL_NOHSDP "EPL_NOHSDP" true true false 8 Double 0 0,First,#,cb_2019_us_tract_500k_WGS1984,Environmental_Justice_Index_2022_Table_update073123.EPL_NOHSDP,-1,-1;EPL_UNEMP "EPL_UNEMP" true true false 8 Double 0 0,First,#,cb_2019_us_tract_500k_WGS1984,Environmental_Justice_Index_2022_Table_update073123.EPL_UNEMP,-1,-1;EPL_RENTER "EPL_RENTER" true true false 8 Double 0 0,First,#,cb_2019_us_tract_500k_WGS1984,Environmental_Justice_Index_2022_Table_update073123.EPL_RENTER,-1,-1;EPL_HOUBDN "EPL_HOUBDN" true true false 8 Double 0 0,First,#,cb_2019_us_tract_500k_WGS1984,Environmental_Justice_Index_2022_Table_update073123.EPL_HOUBDN,-1,-1;EPL_UNINSUR "EPL_UNINSUR" true true false 8 Double 0 0,First,#,cb_2019_us_tract_500k_WGS1984,Environmental_Justice_Index_2022_Table_update073123.EPL_UNINSUR,-1,-1;EPL_NOINT "EPL_NOINT" true true false 8 Double 0 0,First,#,cb_2019_us_tract_500k_WGS1984,Environmental_Justice_Index_2022_Table_update073123.EPL_NOINT,-1,-1;SPL_SVM_DOM2 "SPL_SVM_DOM2" true true false 8 Double 0 0,First,#,cb_2019_us_tract_500k_WGS1984,Environmental_Justice_Index_2022_Table_update073123.SPL_SVM_DOM2,-1,-1;RPL_SVM_DOM2 "RPL_SVM_DOM2" true true false 8 Double 0 0,First,#,cb_2019_us_tract_500k_WGS1984,Environmental_Justice_Index_2022_Table_update073123.RPL_SVM_DOM2,-1,-1;EPL_AGE65 "EPL_AGE65" true true false 8 Double 0 0,First,#,cb_2019_us_tract_500k_WGS1984,Environmental_Justice_Index_2022_Table_update073123.EPL_AGE65,-1,-1;EPL_AGE17 "EPL_AGE17" true true false 8 Double 0 0,First,#,cb_2019_us_tract_500k_WGS1984,Environmental_Justice_Index_2022_Table_update073123.EPL_AGE17,-1,-1;EPL_DISABL "EPL_DISABL" true true false 8 Double 0 0,First,#,cb_2019_us_tract_500k_WGS1984,Environmental_Justice_Index_2022_Table_update073123.EPL_DISABL,-1,-1;EPL_LIMENG "EPL_LIMENG" true true false 8 Double 0 0,First,#,cb_2019_us_tract_500k_WGS1984,Environmental_Justice_Index_2022_Table_update073123.EPL_LIMENG,-1,-1;SPL_SVM_DOM3 "SPL_SVM_DOM3" true true false 8 Double 0 0,First,#,cb_2019_us_tract_500k_WGS1984,Environmental_Justice_Index_2022_Table_update073123.SPL_SVM_DOM3,-1,-1;RPL_SVM_DOM3 "RPL_SVM_DOM3" true true false 8 Double 0 0,First,#,cb_2019_us_tract_500k_WGS1984,Environmental_Justice_Index_2022_Table_update073123.RPL_SVM_DOM3,-1,-1;EPL_MOBILE "EPL_MOBILE" true true false 8 Double 0 0,First,#,cb_2019_us_tract_500k_WGS1984,Environmental_Justice_Index_2022_Table_update073123.EPL_MOBILE,-1,-1;EPL_GROUPQ "EPL_GROUPQ" true true false 8 Double 0 0,First,#,cb_2019_us_tract_500k_WGS1984,Environmental_Justice_Index_2022_Table_update073123.EPL_GROUPQ,-1,-1;SPL_SVM_DOM4 "SPL_SVM_DOM4" true true false 8 Double 0 0,First,#,cb_2019_us_tract_500k_WGS1984,Environmental_Justice_Index_2022_Table_update073123.SPL_SVM_DOM4,-1,-1;RPL_SVM_DOM4 "RPL_SVM_DOM4" true true false 8 Double 0 0,First,#,cb_2019_us_tract_500k_WGS1984,Environmental_Justice_Index_2022_Table_update073123.RPL_SVM_DOM4,-1,-1;SPL_SVM "SPL_SVM" true true false 8 Double 0 0,First,#,cb_2019_us_tract_500k_WGS1984,Environmental_Justice_Index_2022_Table_update073123.SPL_SVM,-1,-1;RPL_SVM "RPL_SVM" true true false 8 Double 0 0,First,#,cb_2019_us_tract_500k_WGS1984,Environmental_Justice_Index_2022_Table_update073123.RPL_SVM,-1,-1;F_BPHIGH "F_BPHIGH" true true false 8 Double 0 0,First,#,cb_2019_us_tract_500k_WGS1984,Environmental_Justice_Index_2022_Table_update073123.F_BPHIGH,-1,-1;F_ASTHMA "F_ASTHMA" true true false 8 Double 0 0,First,#,cb_2019_us_tract_500k_WGS1984,Environmental_Justice_Index_2022_Table_update073123.F_ASTHMA,-1,-1;F_CANCER "F_CANCER" true true false 8 Double 0 0,First,#,cb_2019_us_tract_500k_WGS1984,Environmental_Justice_Index_2022_Table_update073123.F_CANCER,-1,-1;F_MHLTH "F_MHLTH" true true false 8 Double 0 0,First,#,cb_2019_us_tract_500k_WGS1984,Environmental_Justice_Index_2022_Table_update073123.F_MHLTH,-1,-1;F_DIABETES "F_DIABETES" true true false 8 Double 0 0,First,#,cb_2019_us_tract_500k_WGS1984,Environmental_Justice_Index_2022_Table_update073123.F_DIABETES,-1,-1;F_HVM "F_HVM" true true false 8 Double 0 0,First,#,cb_2019_us_tract_500k_WGS1984,Environmental_Justice_Index_2022_Table_update073123.F_HVM,-1,-1;RPL_HVM "RPL_HVM" true true false 8 Double 0 0,First,#,cb_2019_us_tract_500k_WGS1984,Environmental_Justice_Index_2022_Table_update073123.RPL_HVM,-1,-1;E_OZONE "E_OZONE" true true false 8 Double 0 0,First,#,cb_2019_us_tract_500k_WGS1984,Environmental_Justice_Index_2022_Table_update073123.E_OZONE,-1,-1;E_PM "E_PM" true true false 8 Double 0 0,First,#,cb_2019_us_tract_500k_WGS1984,Environmental_Justice_Index_2022_Table_update073123.E_PM,-1,-1;E_DSLPM "E_DSLPM" true true false 8 Double 0 0,First,#,cb_2019_us_tract_500k_WGS1984,Environmental_Justice_Index_2022_Table_update073123.E_DSLPM,-1,-1;E_TOTCR "E_TOTCR" true true false 8 Double 0 0,First,#,cb_2019_us_tract_500k_WGS1984,Environmental_Justice_Index_2022_Table_update073123.E_TOTCR,-1,-1;E_NPL "E_NPL" true true false 8 Double 0 0,First,#,cb_2019_us_tract_500k_WGS1984,Environmental_Justice_Index_2022_Table_update073123.E_NPL,-1,-1;E_TRI "E_TRI" true true false 8 Double 0 0,First,#,cb_2019_us_tract_500k_WGS1984,Environmental_Justice_Index_2022_Table_update073123.E_TRI,-1,-1;E_TSD "E_TSD" true true false 8 Double 0 0,First,#,cb_2019_us_tract_500k_WGS1984,Environmental_Justice_Index_2022_Table_update073123.E_TSD,-1,-1;E_RMP "E_RMP" true true false 8 Double 0 0,First,#,cb_2019_us_tract_500k_WGS1984,Environmental_Justice_Index_2022_Table_update073123.E_RMP,-1,-1;E_COAL "E_COAL" true true false 8 Double 0 0,First,#,cb_2019_us_tract_500k_WGS1984,Environmental_Justice_Index_2022_Table_update073123.E_COAL,-1,-1;E_LEAD "E_LEAD" true true false 8 Double 0 0,First,#,cb_2019_us_tract_500k_WGS1984,Environmental_Justice_Index_2022_Table_update073123.E_LEAD,-1,-1;E_PARK "E_PARK" true true false 8 Double 0 0,First,#,cb_2019_us_tract_500k_WGS1984,Environmental_Justice_Index_2022_Table_update073123.E_PARK,-1,-1;E_HOUAGE "E_HOUAGE" true true false 8 Double 0 0,First,#,cb_2019_us_tract_500k_WGS1984,Environmental_Justice_Index_2022_Table_update073123.E_HOUAGE,-1,-1;E_WLKIND "E_WLKIND" true true false 8 Double 0 0,First,#,cb_2019_us_tract_500k_WGS1984,Environmental_Justice_Index_2022_Table_update073123.E_WLKIND,-1,-1;E_RAIL "E_RAIL" true true false 8 Double 0 0,First,#,cb_2019_us_tract_500k_WGS1984,Environmental_Justice_Index_2022_Table_update073123.E_RAIL,-1,-1;E_ROAD "E_ROAD" true true false 8 Double 0 0,First,#,cb_2019_us_tract_500k_WGS1984,Environmental_Justice_Index_2022_Table_update073123.E_ROAD,-1,-1;E_AIRPRT "E_AIRPRT" true true false 8 Double 0 0,First,#,cb_2019_us_tract_500k_WGS1984,Environmental_Justice_Index_2022_Table_update073123.E_AIRPRT,-1,-1;E_IMPWTR "E_IMPWTR" true true false 8 Double 0 0,First,#,cb_2019_us_tract_500k_WGS1984,Environmental_Justice_Index_2022_Table_update073123.E_IMPWTR,-1,-1;EP_MINRTY "EP_MINRTY" true true false 8 Double 0 0,First,#,cb_2019_us_tract_500k_WGS1984,Environmental_Justice_Index_2022_Table_update073123.EP_MINRTY,-1,-1;EP_POV200 "EP_POV200" true true false 8 Double 0 0,First,#,cb_2019_us_tract_500k_WGS1984,Environmental_Justice_Index_2022_Table_update073123.EP_POV200,-1,-1;EP_NOHSDP "EP_NOHSDP" true true false 8 Double 0 0,First,#,cb_2019_us_tract_500k_WGS1984,Environmental_Justice_Index_2022_Table_update073123.EP_NOHSDP,-1,-1;EP_UNEMP "EP_UNEMP" true true false 8 Double 0 0,First,#,cb_2019_us_tract_500k_WGS1984,Environmental_Justice_Index_2022_Table_update073123.EP_UNEMP,-1,-1;EP_RENTER "EP_RENTER" true true false 8 Double 0 0,First,#,cb_2019_us_tract_500k_WGS1984,Environmental_Justice_Index_2022_Table_update073123.EP_RENTER,-1,-1;EP_HOUBDN "EP_HOUBDN" true true false 8 Double 0 0,First,#,cb_2019_us_tract_500k_WGS1984,Environmental_Justice_Index_2022_Table_update073123.EP_HOUBDN,-1,-1;EP_UNINSUR "EP_UNINSUR" true true false 8 Double 0 0,First,#,cb_2019_us_tract_500k_WGS1984,Environmental_Justice_Index_2022_Table_update073123.EP_UNINSUR,-1,-1;EP_NOINT "EP_NOINT" true true false 8 Double 0 0,First,#,cb_2019_us_tract_500k_WGS1984,Environmental_Justice_Index_2022_Table_update073123.EP_NOINT,-1,-1;EP_AGE65 "EP_AGE65" true true false 8 Double 0 0,First,#,cb_2019_us_tract_500k_WGS1984,Environmental_Justice_Index_2022_Table_update073123.EP_AGE65,-1,-1;EP_AGE17 "EP_AGE17" true true false 8 Double 0 0,First,#,cb_2019_us_tract_500k_WGS1984,Environmental_Justice_Index_2022_Table_update073123.EP_AGE17,-1,-1;EP_DISABL "EP_DISABL" true true false 8 Double 0 0,First,#,cb_2019_us_tract_500k_WGS1984,Environmental_Justice_Index_2022_Table_update073123.EP_DISABL,-1,-1;EP_LIMENG "EP_LIMENG" true true false 8 Double 0 0,First,#,cb_2019_us_tract_500k_WGS1984,Environmental_Justice_Index_2022_Table_update073123.EP_LIMENG,-1,-1;EP_MOBILE "EP_MOBILE" true true false 8 Double 0 0,First,#,cb_2019_us_tract_500k_WGS1984,Environmental_Justice_Index_2022_Table_update073123.EP_MOBILE,-1,-1;EP_GROUPQ "EP_GROUPQ" true true false 8 Double 0 0,First,#,cb_2019_us_tract_500k_WGS1984,Environmental_Justice_Index_2022_Table_update073123.EP_GROUPQ,-1,-1;EP_BPHIGH "EP_BPHIGH" true true false 8 Double 0 0,First,#,cb_2019_us_tract_500k_WGS1984,Environmental_Justice_Index_2022_Table_update073123.EP_BPHIGH,-1,-1;EP_ASTHMA "EP_ASTHMA" true true false 8 Double 0 0,First,#,cb_2019_us_tract_500k_WGS1984,Environmental_Justice_Index_2022_Table_update073123.EP_ASTHMA,-1,-1;EP_CANCER "EP_CANCER" true true false 8 Double 0 0,First,#,cb_2019_us_tract_500k_WGS1984,Environmental_Justice_Index_2022_Table_update073123.EP_CANCER,-1,-1;EP_MHLTH "EP_MHLTH" true true false 8 Double 0 0,First,#,cb_2019_us_tract_500k_WGS1984,Environmental_Justice_Index_2022_Table_update073123.EP_MHLTH,-1,-1;EP_DIABETES "EP_DIABETES" true true false 8 Double 0 0,First,#,cb_2019_us_tract_500k_WGS1984,Environmental_Justice_Index_2022_Table_update073123.EP_DIABETES,-1,-1;EPL_BPHIGH "EPL_BPHIGH" true true false 8 Double 0 0,First,#,cb_2019_us_tract_500k_WGS1984,Environmental_Justice_Index_2022_Table_update073123.EPL_BPHIGH,-1,-1;EPL_ASTHMA "EPL_ASTHMA" true true false 8 Double 0 0,First,#,cb_2019_us_tract_500k_WGS1984,Environmental_Justice_Index_2022_Table_update073123.EPL_ASTHMA,-1,-1;EPL_CANCER "EPL_CANCER" true true false 8 Double 0 0,First,#,cb_2019_us_tract_500k_WGS1984,Environmental_Justice_Index_2022_Table_update073123.EPL_CANCER,-1,-1;EPL_DIABETES "EPL_DIABETES" true true false 8 Double 0 0,First,#,cb_2019_us_tract_500k_WGS1984,Environmental_Justice_Index_2022_Table_update073123.EPL_DIABETES,-1,-1;EPL_MHLTH "EPL_MHLTH" true true false 8 Double 0 0,First,#,cb_2019_us_tract_500k_WGS1984,Environmental_Justice_Index_2022_Table_update073123.EPL_MHLTH,-1,-1" #</Process><Process ToolSource="c:\program files\arcgis\pro\Resources\ArcToolbox\toolboxes\Data Management Tools.tbx\UpdateSchema" Date="20230802" Time="165103">UpdateSchema "CIMDATA=&lt;CIMStandardDataConnection xsi:type='typens:CIMStandardDataConnection' xmlns:xsi='http://www.w3.org/2001/XMLSchema-instance' xmlns:xs='http://www.w3.org/2001/XMLSchema' xmlns:typens='http://www.esri.com/schemas/ArcGIS/2.9.0'&gt;&lt;WorkspaceConnectionString&gt;DATABASE=C:\Users\qrv7\Desktop\local_temp\EJI\Final_Analysis\FINAL_DATA\final_output.gdb&lt;/WorkspaceConnectionString&gt;&lt;WorkspaceFactory&gt;FileGDB&lt;/WorkspaceFactory&gt;&lt;Dataset&gt;Environmental_Justice_Index_2022_update073123&lt;/Dataset&gt;&lt;DatasetType&gt;esriDTFeatureClass&lt;/DatasetType&gt;&lt;/CIMStandardDataConnection&gt;" &lt;operationSequence&gt;&lt;workflow&gt;&lt;AlterField&gt;&lt;field_name&gt;SPL_CI&lt;/field_name&gt;&lt;new_field_name&gt;SPL_SER&lt;/new_field_name&gt;&lt;field_alias&gt;SPL_SER&lt;/field_alias&gt;&lt;field_is_nullable&gt;True&lt;/field_is_nullable&gt;&lt;clear_field_alias&gt;False&lt;/clear_field_alias&gt;&lt;/AlterField&gt;&lt;/workflow&gt;&lt;workflow&gt;&lt;AlterField&gt;&lt;field_name&gt;RPL_CI&lt;/field_name&gt;&lt;new_field_name&gt;RPL_SER&lt;/new_field_name&gt;&lt;field_alias&gt;RPL_SER&lt;/field_alias&gt;&lt;field_is_nullable&gt;True&lt;/field_is_nullable&gt;&lt;clear_field_alias&gt;False&lt;/clear_field_alias&gt;&lt;/AlterField&gt;&lt;/workflow&gt;&lt;/operationSequence&gt;</Process><Process ToolSource="c:\program files\arcgis\pro\Resources\ArcToolbox\toolboxes\Data Management Tools.tbx\CopyFeatures" Date="20230809" Time="094256">CopyFeatures Environmental_Justice_Index_2022_update073123 "C:\Users\qrv7\Desktop\local_temp\EJI\Final_Analysis\FINAL_DATA\state_gdb_fix073123\United States\United States.gdb\eji_ranks" # # # #</Process><Process ToolSource="c:\program files\arcgis\pro\Resources\ArcToolbox\toolboxes\Analysis Tools.tbx\PairwiseClip" Date="20240216" Time="145826">PairwiseClip eji_ranks Scratch5 \\Mac\Home\Documents\Data\Jackson_Data\JacksonEJI\JacksonEJI.shp #</Process></lineage></DataProperties><SyncDate>20240216</SyncDate><SyncTime>14582600</SyncTime><ModDate>20240216</ModDate><ModTime>14582600</ModTime></Esri><dataIdInfo><envirDesc Sync="TRUE">Microsoft Windows 10 Version 10.0 (Build 22621) ; Esri ArcGIS 13.1.0.41833</envirDesc><dataLang><languageCode value="eng" Sync="TRUE"/><countryCode value="USA" Sync="TRUE"/></dataLang><idCitation><resTitle Sync="TRUE">JacksonEJI</resTitle><presForm><PresFormCd value="005" Sync="TRUE"/></presForm></idCitation><spatRpType><SpatRepTypCd value="001" Sync="TRUE"/></spatRpType></dataIdInfo><mdLang><languageCode value="eng" Sync="TRUE"/><countryCode value="USA" Sync="TRUE"/></mdLang><distInfo><distFormat><formatName Sync="TRUE">Shapefile</formatName></distFormat><distTranOps><transSize Sync="TRUE">0.000</transSize></distTranOps></distInfo><mdHrLv><ScopeCd value="005" Sync="TRUE"/></mdHrLv><mdHrLvName Sync="TRUE">dataset</mdHrLvName><refSysInfo><RefSystem><refSysID><identCode code="4326" Sync="TRUE"/><idCodeSpace Sync="TRUE">EPSG</idCodeSpace><idVersion Sync="TRUE">6.2(3.0.1)</idVersion></refSysID></RefSystem></refSysInfo><spatRepInfo><VectSpatRep><geometObjs Name="JacksonEJI"><geoObjTyp><GeoObjTypCd value="002" Sync="TRUE"></GeoObjTypCd></geoObjTyp><geoObjCnt Sync="TRUE">0</geoObjCnt></geometObjs><topLvl><TopoLevCd value="001" Sync="TRUE"></TopoLevCd></topLvl></VectSpatRep></spatRepInfo><spdoinfo><ptvctinf><esriterm Name="JacksonEJI"><efeatyp Sync="TRUE">Simple</efeatyp><efeageom code="4" Sync="TRUE"></efeageom><esritopo Sync="TRUE">FALSE</esritopo><efeacnt Sync="TRUE">0</efeacnt><spindex Sync="TRUE">FALSE</spindex><linrefer Sync="TRUE">FALSE</linrefer></esriterm></ptvctinf></spdoinfo><eainfo><detailed Name="JacksonEJI"><enttyp><enttypl Sync="TRUE">JacksonEJI</enttypl><enttypt Sync="TRUE">Feature Class</enttypt><enttypc Sync="TRUE">0</enttypc></enttyp><attr><attrlabl Sync="TRUE">FID</attrlabl><attalias Sync="TRUE">FID</attalias><attrtype Sync="TRUE">OID</attrtype><attwidth Sync="TRUE">4</attwidth><atprecis Sync="TRUE">0</atprecis><attscale Sync="TRUE">0</attscale><attrdef Sync="TRUE">Internal feature number.</attrdef><attrdefs Sync="TRUE">Esri</attrdefs><attrdomv><udom Sync="TRUE">Sequential unique whole numbers that are automatically generated.</udom></attrdomv></attr><attr><attrlabl Sync="TRUE">SHAPE</attrlabl><attalias Sync="TRUE">Shape</attalias><attrtype Sync="TRUE">Geometry</attrtype><attwidth Sync="TRUE">0</attwidth><atprecis Sync="TRUE">0</atprecis><attscale Sync="TRUE">0</attscale><attrdef Sync="TRUE">Feature geometry.</attrdef><attrdefs Sync="TRUE">Esri</attrdefs><attrdomv><udom Sync="TRUE">Coordinates defining the features.</udom></attrdomv></attr><attr><attrlabl Sync="TRUE">STATEFP</attrlabl><attalias Sync="TRUE">STATEFP</attalias><attrtype Sync="TRUE">String</attrtype><attwidth Sync="TRUE">2</attwidth><atprecis Sync="TRUE">0</atprecis><attscale Sync="TRUE">0</attscale></attr><attr><attrlabl Sync="TRUE">COUNTYFP</attrlabl><attalias Sync="TRUE">COUNTYFP</attalias><attrtype Sync="TRUE">String</attrtype><attwidth Sync="TRUE">3</attwidth><atprecis Sync="TRUE">0</atprecis><attscale Sync="TRUE">0</attscale></attr><attr><attrlabl Sync="TRUE">TRACTCE</attrlabl><attalias Sync="TRUE">TRACTCE</attalias><attrtype Sync="TRUE">String</attrtype><attwidth Sync="TRUE">6</attwidth><atprecis Sync="TRUE">0</atprecis><attscale Sync="TRUE">0</attscale></attr><attr><attrlabl Sync="TRUE">AFFGEOID</attrlabl><attalias Sync="TRUE">AFFGEOID</attalias><attrtype Sync="TRUE">String</attrtype><attwidth Sync="TRUE">20</attwidth><atprecis Sync="TRUE">0</atprecis><attscale Sync="TRUE">0</attscale></attr><attr><attrlabl Sync="TRUE">GEOID</attrlabl><attalias Sync="TRUE">GEOID</attalias><attrtype Sync="TRUE">String</attrtype><attwidth Sync="TRUE">11</attwidth><atprecis Sync="TRUE">0</atprecis><attscale Sync="TRUE">0</attscale></attr><attr><attrlabl Sync="TRUE">NAME</attrlabl><attalias Sync="TRUE">NAME</attalias><attrtype Sync="TRUE">String</attrtype><attwidth Sync="TRUE">100</attwidth><atprecis Sync="TRUE">0</atprecis><attscale Sync="TRUE">0</attscale></attr><attr><attrlabl Sync="TRUE">COUNTY</attrlabl><attalias Sync="TRUE">COUNTY</attalias><attrtype Sync="TRUE">String</attrtype><attwidth Sync="TRUE">254</attwidth><atprecis Sync="TRUE">0</atprecis><attscale Sync="TRUE">0</attscale></attr><attr><attrlabl Sync="TRUE">StateAbbr</attrlabl><attalias Sync="TRUE">StateAbbr</attalias><attrtype Sync="TRUE">String</attrtype><attwidth Sync="TRUE">254</attwidth><atprecis Sync="TRUE">0</atprecis><attscale Sync="TRUE">0</attscale></attr><attr><attrlabl Sync="TRUE">StateDesc</attrlabl><attalias Sync="TRUE">StateDesc</attalias><attrtype Sync="TRUE">String</attrtype><attwidth Sync="TRUE">254</attwidth><atprecis Sync="TRUE">0</atprecis><attscale Sync="TRUE">0</attscale></attr><attr><attrlabl Sync="TRUE">Location</attrlabl><attalias Sync="TRUE">Location</attalias><attrtype Sync="TRUE">String</attrtype><attwidth Sync="TRUE">254</attwidth><atprecis Sync="TRUE">0</atprecis><attscale Sync="TRUE">0</attscale></attr><attr><attrlabl Sync="TRUE">E_TOTPOP</attrlabl><attalias Sync="TRUE">E_TOTPOP</attalias><attrtype Sync="TRUE">Double</attrtype><attwidth Sync="TRUE">19</attwidth><atprecis Sync="TRUE">0</atprecis><attscale Sync="TRUE">0</attscale></attr><attr><attrlabl Sync="TRUE">M_TOTPOP</attrlabl><attalias Sync="TRUE">M_TOTPOP</attalias><attrtype Sync="TRUE">Double</attrtype><attwidth Sync="TRUE">19</attwidth><atprecis Sync="TRUE">0</atprecis><attscale Sync="TRUE">0</attscale></attr><attr><attrlabl Sync="TRUE">E_DAYPOP</attrlabl><attalias Sync="TRUE">E_DAYPOP</attalias><attrtype Sync="TRUE">Double</attrtype><attwidth Sync="TRUE">19</attwidth><atprecis Sync="TRUE">0</atprecis><attscale Sync="TRUE">0</attscale></attr><attr><attrlabl Sync="TRUE">SPL_EJI</attrlabl><attalias Sync="TRUE">SPL_EJI</attalias><attrtype Sync="TRUE">Double</attrtype><attwidth Sync="TRUE">19</attwidth><atprecis Sync="TRUE">0</atprecis><attscale Sync="TRUE">0</attscale></attr><attr><attrlabl Sync="TRUE">RPL_EJI</attrlabl><attalias Sync="TRUE">RPL_EJI</attalias><attrtype Sync="TRUE">Double</attrtype><attwidth Sync="TRUE">19</attwidth><atprecis Sync="TRUE">0</atprecis><attscale Sync="TRUE">0</attscale></attr><attr><attrlabl Sync="TRUE">SPL_SER</attrlabl><attalias Sync="TRUE">SPL_SER</attalias><attrtype Sync="TRUE">Double</attrtype><attwidth Sync="TRUE">19</attwidth><atprecis Sync="TRUE">0</atprecis><attscale Sync="TRUE">0</attscale></attr><attr><attrlabl Sync="TRUE">RPL_SER</attrlabl><attalias Sync="TRUE">RPL_SER</attalias><attrtype Sync="TRUE">Double</attrtype><attwidth Sync="TRUE">19</attwidth><atprecis Sync="TRUE">0</atprecis><attscale Sync="TRUE">0</attscale></attr><attr><attrlabl Sync="TRUE">EPL_OZONE</attrlabl><attalias Sync="TRUE">EPL_OZONE</attalias><attrtype Sync="TRUE">Double</attrtype><attwidth Sync="TRUE">19</attwidth><atprecis Sync="TRUE">0</atprecis><attscale Sync="TRUE">0</attscale></attr><attr><attrlabl Sync="TRUE">EPL_PM</attrlabl><attalias Sync="TRUE">EPL_PM</attalias><attrtype Sync="TRUE">Double</attrtype><attwidth Sync="TRUE">19</attwidth><atprecis Sync="TRUE">0</atprecis><attscale Sync="TRUE">0</attscale></attr><attr><attrlabl Sync="TRUE">EPL_DSLPM</attrlabl><attalias Sync="TRUE">EPL_DSLPM</attalias><attrtype Sync="TRUE">Double</attrtype><attwidth Sync="TRUE">19</attwidth><atprecis Sync="TRUE">0</atprecis><attscale Sync="TRUE">0</attscale></attr><attr><attrlabl Sync="TRUE">EPL_TOTCR</attrlabl><attalias Sync="TRUE">EPL_TOTCR</attalias><attrtype Sync="TRUE">Double</attrtype><attwidth Sync="TRUE">19</attwidth><atprecis Sync="TRUE">0</atprecis><attscale Sync="TRUE">0</attscale></attr><attr><attrlabl Sync="TRUE">SPL_EBM_TH</attrlabl><attalias Sync="TRUE">SPL_EBM_TH</attalias><attrtype Sync="TRUE">Double</attrtype><attwidth Sync="TRUE">19</attwidth><atprecis Sync="TRUE">0</atprecis><attscale Sync="TRUE">0</attscale></attr><attr><attrlabl Sync="TRUE">RPL_EBM_DO</attrlabl><attalias Sync="TRUE">RPL_EBM_DO</attalias><attrtype Sync="TRUE">Double</attrtype><attwidth Sync="TRUE">19</attwidth><atprecis Sync="TRUE">0</atprecis><attscale Sync="TRUE">0</attscale></attr><attr><attrlabl Sync="TRUE">EPL_NPL</attrlabl><attalias Sync="TRUE">EPL_NPL</attalias><attrtype Sync="TRUE">Double</attrtype><attwidth Sync="TRUE">19</attwidth><atprecis Sync="TRUE">0</atprecis><attscale Sync="TRUE">0</attscale></attr><attr><attrlabl Sync="TRUE">EPL_TRI</attrlabl><attalias Sync="TRUE">EPL_TRI</attalias><attrtype Sync="TRUE">Double</attrtype><attwidth Sync="TRUE">19</attwidth><atprecis Sync="TRUE">0</atprecis><attscale Sync="TRUE">0</attscale></attr><attr><attrlabl Sync="TRUE">EPL_TSD</attrlabl><attalias Sync="TRUE">EPL_TSD</attalias><attrtype Sync="TRUE">Double</attrtype><attwidth Sync="TRUE">19</attwidth><atprecis Sync="TRUE">0</atprecis><attscale Sync="TRUE">0</attscale></attr><attr><attrlabl Sync="TRUE">EPL_RMP</attrlabl><attalias Sync="TRUE">EPL_RMP</attalias><attrtype Sync="TRUE">Double</attrtype><attwidth Sync="TRUE">19</attwidth><atprecis Sync="TRUE">0</atprecis><attscale Sync="TRUE">0</attscale></attr><attr><attrlabl Sync="TRUE">EPL_COAL</attrlabl><attalias Sync="TRUE">EPL_COAL</attalias><attrtype Sync="TRUE">Double</attrtype><attwidth Sync="TRUE">19</attwidth><atprecis Sync="TRUE">0</atprecis><attscale Sync="TRUE">0</attscale></attr><attr><attrlabl Sync="TRUE">EPL_LEAD</attrlabl><attalias Sync="TRUE">EPL_LEAD</attalias><attrtype Sync="TRUE">Double</attrtype><attwidth Sync="TRUE">19</attwidth><atprecis Sync="TRUE">0</atprecis><attscale Sync="TRUE">0</attscale></attr><attr><attrlabl Sync="TRUE">SPL_EBM__1</attrlabl><attalias Sync="TRUE">SPL_EBM__1</attalias><attrtype Sync="TRUE">Double</attrtype><attwidth Sync="TRUE">19</attwidth><atprecis Sync="TRUE">0</atprecis><attscale Sync="TRUE">0</attscale></attr><attr><attrlabl Sync="TRUE">RPL_EBM__1</attrlabl><attalias Sync="TRUE">RPL_EBM__1</attalias><attrtype Sync="TRUE">Double</attrtype><attwidth Sync="TRUE">19</attwidth><atprecis Sync="TRUE">0</atprecis><attscale Sync="TRUE">0</attscale></attr><attr><attrlabl Sync="TRUE">EPL_PARK</attrlabl><attalias Sync="TRUE">EPL_PARK</attalias><attrtype Sync="TRUE">Double</attrtype><attwidth Sync="TRUE">19</attwidth><atprecis Sync="TRUE">0</atprecis><attscale Sync="TRUE">0</attscale></attr><attr><attrlabl Sync="TRUE">EPL_HOUAGE</attrlabl><attalias Sync="TRUE">EPL_HOUAGE</attalias><attrtype Sync="TRUE">Double</attrtype><attwidth Sync="TRUE">19</attwidth><atprecis Sync="TRUE">0</atprecis><attscale Sync="TRUE">0</attscale></attr><attr><attrlabl Sync="TRUE">EPL_WLKIND</attrlabl><attalias Sync="TRUE">EPL_WLKIND</attalias><attrtype Sync="TRUE">Double</attrtype><attwidth Sync="TRUE">19</attwidth><atprecis Sync="TRUE">0</atprecis><attscale Sync="TRUE">0</attscale></attr><attr><attrlabl Sync="TRUE">SPL_EBM__2</attrlabl><attalias Sync="TRUE">SPL_EBM__2</attalias><attrtype Sync="TRUE">Double</attrtype><attwidth Sync="TRUE">19</attwidth><atprecis Sync="TRUE">0</atprecis><attscale Sync="TRUE">0</attscale></attr><attr><attrlabl Sync="TRUE">RPL_EBM__2</attrlabl><attalias Sync="TRUE">RPL_EBM__2</attalias><attrtype Sync="TRUE">Double</attrtype><attwidth Sync="TRUE">19</attwidth><atprecis Sync="TRUE">0</atprecis><attscale Sync="TRUE">0</attscale></attr><attr><attrlabl Sync="TRUE">EPL_RAIL</attrlabl><attalias Sync="TRUE">EPL_RAIL</attalias><attrtype Sync="TRUE">Double</attrtype><attwidth Sync="TRUE">19</attwidth><atprecis Sync="TRUE">0</atprecis><attscale Sync="TRUE">0</attscale></attr><attr><attrlabl Sync="TRUE">EPL_ROAD</attrlabl><attalias Sync="TRUE">EPL_ROAD</attalias><attrtype Sync="TRUE">Double</attrtype><attwidth Sync="TRUE">19</attwidth><atprecis Sync="TRUE">0</atprecis><attscale Sync="TRUE">0</attscale></attr><attr><attrlabl Sync="TRUE">EPL_AIRPRT</attrlabl><attalias Sync="TRUE">EPL_AIRPRT</attalias><attrtype Sync="TRUE">Double</attrtype><attwidth Sync="TRUE">19</attwidth><atprecis Sync="TRUE">0</atprecis><attscale Sync="TRUE">0</attscale></attr><attr><attrlabl Sync="TRUE">SPL_EBM__3</attrlabl><attalias Sync="TRUE">SPL_EBM__3</attalias><attrtype Sync="TRUE">Double</attrtype><attwidth Sync="TRUE">19</attwidth><atprecis Sync="TRUE">0</atprecis><attscale Sync="TRUE">0</attscale></attr><attr><attrlabl Sync="TRUE">RPL_EBM__3</attrlabl><attalias Sync="TRUE">RPL_EBM__3</attalias><attrtype Sync="TRUE">Double</attrtype><attwidth Sync="TRUE">19</attwidth><atprecis Sync="TRUE">0</atprecis><attscale Sync="TRUE">0</attscale></attr><attr><attrlabl Sync="TRUE">EPL_IMPWTR</attrlabl><attalias Sync="TRUE">EPL_IMPWTR</attalias><attrtype Sync="TRUE">Double</attrtype><attwidth Sync="TRUE">19</attwidth><atprecis Sync="TRUE">0</atprecis><attscale Sync="TRUE">0</attscale></attr><attr><attrlabl Sync="TRUE">SPL_EBM__4</attrlabl><attalias Sync="TRUE">SPL_EBM__4</attalias><attrtype Sync="TRUE">Double</attrtype><attwidth Sync="TRUE">19</attwidth><atprecis Sync="TRUE">0</atprecis><attscale Sync="TRUE">0</attscale></attr><attr><attrlabl Sync="TRUE">RPL_EBM__4</attrlabl><attalias Sync="TRUE">RPL_EBM__4</attalias><attrtype Sync="TRUE">Double</attrtype><attwidth Sync="TRUE">19</attwidth><atprecis Sync="TRUE">0</atprecis><attscale Sync="TRUE">0</attscale></attr><attr><attrlabl Sync="TRUE">SPL_EBM</attrlabl><attalias Sync="TRUE">SPL_EBM</attalias><attrtype Sync="TRUE">Double</attrtype><attwidth Sync="TRUE">19</attwidth><atprecis Sync="TRUE">0</atprecis><attscale Sync="TRUE">0</attscale></attr><attr><attrlabl Sync="TRUE">RPL_EBM</attrlabl><attalias Sync="TRUE">RPL_EBM</attalias><attrtype Sync="TRUE">Double</attrtype><attwidth Sync="TRUE">19</attwidth><atprecis Sync="TRUE">0</atprecis><attscale Sync="TRUE">0</attscale></attr><attr><attrlabl Sync="TRUE">EPL_MINRTY</attrlabl><attalias Sync="TRUE">EPL_MINRTY</attalias><attrtype Sync="TRUE">Double</attrtype><attwidth Sync="TRUE">19</attwidth><atprecis Sync="TRUE">0</atprecis><attscale Sync="TRUE">0</attscale></attr><attr><attrlabl Sync="TRUE">SPL_SVM_DO</attrlabl><attalias Sync="TRUE">SPL_SVM_DO</attalias><attrtype Sync="TRUE">Double</attrtype><attwidth Sync="TRUE">19</attwidth><atprecis Sync="TRUE">0</atprecis><attscale Sync="TRUE">0</attscale></attr><attr><attrlabl Sync="TRUE">RPL_SVM_DO</attrlabl><attalias Sync="TRUE">RPL_SVM_DO</attalias><attrtype Sync="TRUE">Double</attrtype><attwidth Sync="TRUE">19</attwidth><atprecis Sync="TRUE">0</atprecis><attscale Sync="TRUE">0</attscale></attr><attr><attrlabl Sync="TRUE">EPL_POV200</attrlabl><attalias Sync="TRUE">EPL_POV200</attalias><attrtype Sync="TRUE">Double</attrtype><attwidth Sync="TRUE">19</attwidth><atprecis Sync="TRUE">0</atprecis><attscale Sync="TRUE">0</attscale></attr><attr><attrlabl Sync="TRUE">EPL_NOHSDP</attrlabl><attalias Sync="TRUE">EPL_NOHSDP</attalias><attrtype Sync="TRUE">Double</attrtype><attwidth Sync="TRUE">19</attwidth><atprecis Sync="TRUE">0</atprecis><attscale Sync="TRUE">0</attscale></attr><attr><attrlabl Sync="TRUE">EPL_UNEMP</attrlabl><attalias Sync="TRUE">EPL_UNEMP</attalias><attrtype Sync="TRUE">Double</attrtype><attwidth Sync="TRUE">19</attwidth><atprecis Sync="TRUE">0</atprecis><attscale Sync="TRUE">0</attscale></attr><attr><attrlabl Sync="TRUE">EPL_RENTER</attrlabl><attalias Sync="TRUE">EPL_RENTER</attalias><attrtype Sync="TRUE">Double</attrtype><attwidth Sync="TRUE">19</attwidth><atprecis Sync="TRUE">0</atprecis><attscale Sync="TRUE">0</attscale></attr><attr><attrlabl Sync="TRUE">EPL_HOUBDN</attrlabl><attalias Sync="TRUE">EPL_HOUBDN</attalias><attrtype Sync="TRUE">Double</attrtype><attwidth Sync="TRUE">19</attwidth><atprecis Sync="TRUE">0</atprecis><attscale Sync="TRUE">0</attscale></attr><attr><attrlabl Sync="TRUE">EPL_UNINSU</attrlabl><attalias Sync="TRUE">EPL_UNINSU</attalias><attrtype Sync="TRUE">Double</attrtype><attwidth Sync="TRUE">19</attwidth><atprecis Sync="TRUE">0</atprecis><attscale Sync="TRUE">0</attscale></attr><attr><attrlabl Sync="TRUE">EPL_NOINT</attrlabl><attalias Sync="TRUE">EPL_NOINT</attalias><attrtype Sync="TRUE">Double</attrtype><attwidth Sync="TRUE">19</attwidth><atprecis Sync="TRUE">0</atprecis><attscale Sync="TRUE">0</attscale></attr><attr><attrlabl Sync="TRUE">SPL_SVM__1</attrlabl><attalias Sync="TRUE">SPL_SVM__1</attalias><attrtype Sync="TRUE">Double</attrtype><attwidth Sync="TRUE">19</attwidth><atprecis Sync="TRUE">0</atprecis><attscale Sync="TRUE">0</attscale></attr><attr><attrlabl Sync="TRUE">RPL_SVM__1</attrlabl><attalias Sync="TRUE">RPL_SVM__1</attalias><attrtype Sync="TRUE">Double</attrtype><attwidth Sync="TRUE">19</attwidth><atprecis Sync="TRUE">0</atprecis><attscale Sync="TRUE">0</attscale></attr><attr><attrlabl Sync="TRUE">EPL_AGE65</attrlabl><attalias Sync="TRUE">EPL_AGE65</attalias><attrtype Sync="TRUE">Double</attrtype><attwidth Sync="TRUE">19</attwidth><atprecis Sync="TRUE">0</atprecis><attscale Sync="TRUE">0</attscale></attr><attr><attrlabl Sync="TRUE">EPL_AGE17</attrlabl><attalias Sync="TRUE">EPL_AGE17</attalias><attrtype Sync="TRUE">Double</attrtype><attwidth Sync="TRUE">19</attwidth><atprecis Sync="TRUE">0</atprecis><attscale Sync="TRUE">0</attscale></attr><attr><attrlabl Sync="TRUE">EPL_DISABL</attrlabl><attalias Sync="TRUE">EPL_DISABL</attalias><attrtype Sync="TRUE">Double</attrtype><attwidth Sync="TRUE">19</attwidth><atprecis Sync="TRUE">0</atprecis><attscale Sync="TRUE">0</attscale></attr><attr><attrlabl Sync="TRUE">EPL_LIMENG</attrlabl><attalias Sync="TRUE">EPL_LIMENG</attalias><attrtype Sync="TRUE">Double</attrtype><attwidth Sync="TRUE">19</attwidth><atprecis Sync="TRUE">0</atprecis><attscale Sync="TRUE">0</attscale></attr><attr><attrlabl Sync="TRUE">SPL_SVM__2</attrlabl><attalias Sync="TRUE">SPL_SVM__2</attalias><attrtype Sync="TRUE">Double</attrtype><attwidth Sync="TRUE">19</attwidth><atprecis Sync="TRUE">0</atprecis><attscale Sync="TRUE">0</attscale></attr><attr><attrlabl Sync="TRUE">RPL_SVM__2</attrlabl><attalias Sync="TRUE">RPL_SVM__2</attalias><attrtype Sync="TRUE">Double</attrtype><attwidth Sync="TRUE">19</attwidth><atprecis Sync="TRUE">0</atprecis><attscale Sync="TRUE">0</attscale></attr><attr><attrlabl Sync="TRUE">EPL_MOBILE</attrlabl><attalias Sync="TRUE">EPL_MOBILE</attalias><attrtype Sync="TRUE">Double</attrtype><attwidth Sync="TRUE">19</attwidth><atprecis Sync="TRUE">0</atprecis><attscale Sync="TRUE">0</attscale></attr><attr><attrlabl Sync="TRUE">EPL_GROUPQ</attrlabl><attalias Sync="TRUE">EPL_GROUPQ</attalias><attrtype Sync="TRUE">Double</attrtype><attwidth Sync="TRUE">19</attwidth><atprecis Sync="TRUE">0</atprecis><attscale Sync="TRUE">0</attscale></attr><attr><attrlabl Sync="TRUE">SPL_SVM__3</attrlabl><attalias Sync="TRUE">SPL_SVM__3</attalias><attrtype Sync="TRUE">Double</attrtype><attwidth Sync="TRUE">19</attwidth><atprecis Sync="TRUE">0</atprecis><attscale Sync="TRUE">0</attscale></attr><attr><attrlabl Sync="TRUE">RPL_SVM__3</attrlabl><attalias Sync="TRUE">RPL_SVM__3</attalias><attrtype Sync="TRUE">Double</attrtype><attwidth Sync="TRUE">19</attwidth><atprecis Sync="TRUE">0</atprecis><attscale Sync="TRUE">0</attscale></attr><attr><attrlabl Sync="TRUE">SPL_SVM</attrlabl><attalias Sync="TRUE">SPL_SVM</attalias><attrtype Sync="TRUE">Double</attrtype><attwidth Sync="TRUE">19</attwidth><atprecis Sync="TRUE">0</atprecis><attscale Sync="TRUE">0</attscale></attr><attr><attrlabl Sync="TRUE">RPL_SVM</attrlabl><attalias Sync="TRUE">RPL_SVM</attalias><attrtype Sync="TRUE">Double</attrtype><attwidth Sync="TRUE">19</attwidth><atprecis Sync="TRUE">0</atprecis><attscale Sync="TRUE">0</attscale></attr><attr><attrlabl Sync="TRUE">F_BPHIGH</attrlabl><attalias Sync="TRUE">F_BPHIGH</attalias><attrtype Sync="TRUE">Double</attrtype><attwidth Sync="TRUE">19</attwidth><atprecis Sync="TRUE">0</atprecis><attscale Sync="TRUE">0</attscale></attr><attr><attrlabl Sync="TRUE">F_ASTHMA</attrlabl><attalias Sync="TRUE">F_ASTHMA</attalias><attrtype Sync="TRUE">Double</attrtype><attwidth Sync="TRUE">19</attwidth><atprecis Sync="TRUE">0</atprecis><attscale Sync="TRUE">0</attscale></attr><attr><attrlabl Sync="TRUE">F_CANCER</attrlabl><attalias Sync="TRUE">F_CANCER</attalias><attrtype Sync="TRUE">Double</attrtype><attwidth Sync="TRUE">19</attwidth><atprecis Sync="TRUE">0</atprecis><attscale Sync="TRUE">0</attscale></attr><attr><attrlabl Sync="TRUE">F_MHLTH</attrlabl><attalias Sync="TRUE">F_MHLTH</attalias><attrtype Sync="TRUE">Double</attrtype><attwidth Sync="TRUE">19</attwidth><atprecis Sync="TRUE">0</atprecis><attscale Sync="TRUE">0</attscale></attr><attr><attrlabl Sync="TRUE">F_DIABETES</attrlabl><attalias Sync="TRUE">F_DIABETES</attalias><attrtype Sync="TRUE">Double</attrtype><attwidth Sync="TRUE">19</attwidth><atprecis Sync="TRUE">0</atprecis><attscale Sync="TRUE">0</attscale></attr><attr><attrlabl Sync="TRUE">F_HVM</attrlabl><attalias Sync="TRUE">F_HVM</attalias><attrtype Sync="TRUE">Double</attrtype><attwidth Sync="TRUE">19</attwidth><atprecis Sync="TRUE">0</atprecis><attscale Sync="TRUE">0</attscale></attr><attr><attrlabl Sync="TRUE">RPL_HVM</attrlabl><attalias Sync="TRUE">RPL_HVM</attalias><attrtype Sync="TRUE">Double</attrtype><attwidth Sync="TRUE">19</attwidth><atprecis Sync="TRUE">0</atprecis><attscale Sync="TRUE">0</attscale></attr><attr><attrlabl Sync="TRUE">E_OZONE</attrlabl><attalias Sync="TRUE">E_OZONE</attalias><attrtype Sync="TRUE">Double</attrtype><attwidth Sync="TRUE">19</attwidth><atprecis Sync="TRUE">0</atprecis><attscale Sync="TRUE">0</attscale></attr><attr><attrlabl Sync="TRUE">E_PM</attrlabl><attalias Sync="TRUE">E_PM</attalias><attrtype Sync="TRUE">Double</attrtype><attwidth Sync="TRUE">19</attwidth><atprecis Sync="TRUE">0</atprecis><attscale Sync="TRUE">0</attscale></attr><attr><attrlabl Sync="TRUE">E_DSLPM</attrlabl><attalias Sync="TRUE">E_DSLPM</attalias><attrtype Sync="TRUE">Double</attrtype><attwidth Sync="TRUE">19</attwidth><atprecis Sync="TRUE">0</atprecis><attscale Sync="TRUE">0</attscale></attr><attr><attrlabl Sync="TRUE">E_TOTCR</attrlabl><attalias Sync="TRUE">E_TOTCR</attalias><attrtype Sync="TRUE">Double</attrtype><attwidth Sync="TRUE">19</attwidth><atprecis Sync="TRUE">0</atprecis><attscale Sync="TRUE">0</attscale></attr><attr><attrlabl Sync="TRUE">E_NPL</attrlabl><attalias Sync="TRUE">E_NPL</attalias><attrtype Sync="TRUE">Double</attrtype><attwidth Sync="TRUE">19</attwidth><atprecis Sync="TRUE">0</atprecis><attscale Sync="TRUE">0</attscale></attr><attr><attrlabl Sync="TRUE">E_TRI</attrlabl><attalias Sync="TRUE">E_TRI</attalias><attrtype Sync="TRUE">Double</attrtype><attwidth Sync="TRUE">19</attwidth><atprecis Sync="TRUE">0</atprecis><attscale Sync="TRUE">0</attscale></attr><attr><attrlabl Sync="TRUE">E_TSD</attrlabl><attalias Sync="TRUE">E_TSD</attalias><attrtype Sync="TRUE">Double</attrtype><attwidth Sync="TRUE">19</attwidth><atprecis Sync="TRUE">0</atprecis><attscale Sync="TRUE">0</attscale></attr><attr><attrlabl Sync="TRUE">E_RMP</attrlabl><attalias Sync="TRUE">E_RMP</attalias><attrtype Sync="TRUE">Double</attrtype><attwidth Sync="TRUE">19</attwidth><atprecis Sync="TRUE">0</atprecis><attscale Sync="TRUE">0</attscale></attr><attr><attrlabl Sync="TRUE">E_COAL</attrlabl><attalias Sync="TRUE">E_COAL</attalias><attrtype Sync="TRUE">Double</attrtype><attwidth Sync="TRUE">19</attwidth><atprecis Sync="TRUE">0</atprecis><attscale Sync="TRUE">0</attscale></attr><attr><attrlabl Sync="TRUE">E_LEAD</attrlabl><attalias Sync="TRUE">E_LEAD</attalias><attrtype Sync="TRUE">Double</attrtype><attwidth Sync="TRUE">19</attwidth><atprecis Sync="TRUE">0</atprecis><attscale Sync="TRUE">0</attscale></attr><attr><attrlabl Sync="TRUE">E_PARK</attrlabl><attalias Sync="TRUE">E_PARK</attalias><attrtype Sync="TRUE">Double</attrtype><attwidth Sync="TRUE">19</attwidth><atprecis Sync="TRUE">0</atprecis><attscale Sync="TRUE">0</attscale></attr><attr><attrlabl Sync="TRUE">E_HOUAGE</attrlabl><attalias Sync="TRUE">E_HOUAGE</attalias><attrtype Sync="TRUE">Double</attrtype><attwidth Sync="TRUE">19</attwidth><atprecis Sync="TRUE">0</atprecis><attscale Sync="TRUE">0</attscale></attr><attr><attrlabl Sync="TRUE">E_WLKIND</attrlabl><attalias Sync="TRUE">E_WLKIND</attalias><attrtype Sync="TRUE">Double</attrtype><attwidth Sync="TRUE">19</attwidth><atprecis Sync="TRUE">0</atprecis><attscale Sync="TRUE">0</attscale></attr><attr><attrlabl Sync="TRUE">E_RAIL</attrlabl><attalias Sync="TRUE">E_RAIL</attalias><attrtype Sync="TRUE">Double</attrtype><attwidth Sync="TRUE">19</attwidth><atprecis Sync="TRUE">0</atprecis><attscale Sync="TRUE">0</attscale></attr><attr><attrlabl Sync="TRUE">E_ROAD</attrlabl><attalias Sync="TRUE">E_ROAD</attalias><attrtype Sync="TRUE">Double</attrtype><attwidth Sync="TRUE">19</attwidth><atprecis Sync="TRUE">0</atprecis><attscale Sync="TRUE">0</attscale></attr><attr><attrlabl Sync="TRUE">E_AIRPRT</attrlabl><attalias Sync="TRUE">E_AIRPRT</attalias><attrtype Sync="TRUE">Double</attrtype><attwidth Sync="TRUE">19</attwidth><atprecis Sync="TRUE">0</atprecis><attscale Sync="TRUE">0</attscale></attr><attr><attrlabl Sync="TRUE">E_IMPWTR</attrlabl><attalias Sync="TRUE">E_IMPWTR</attalias><attrtype Sync="TRUE">Double</attrtype><attwidth Sync="TRUE">19</attwidth><atprecis Sync="TRUE">0</atprecis><attscale Sync="TRUE">0</attscale></attr><attr><attrlabl Sync="TRUE">EP_MINRTY</attrlabl><attalias Sync="TRUE">EP_MINRTY</attalias><attrtype Sync="TRUE">Double</attrtype><attwidth Sync="TRUE">19</attwidth><atprecis Sync="TRUE">0</atprecis><attscale Sync="TRUE">0</attscale></attr><attr><attrlabl Sync="TRUE">EP_POV200</attrlabl><attalias Sync="TRUE">EP_POV200</attalias><attrtype Sync="TRUE">Double</attrtype><attwidth Sync="TRUE">19</attwidth><atprecis Sync="TRUE">0</atprecis><attscale Sync="TRUE">0</attscale></attr><attr><attrlabl Sync="TRUE">EP_NOHSDP</attrlabl><attalias Sync="TRUE">EP_NOHSDP</attalias><attrtype Sync="TRUE">Double</attrtype><attwidth Sync="TRUE">19</attwidth><atprecis Sync="TRUE">0</atprecis><attscale Sync="TRUE">0</attscale></attr><attr><attrlabl Sync="TRUE">EP_UNEMP</attrlabl><attalias Sync="TRUE">EP_UNEMP</attalias><attrtype Sync="TRUE">Double</attrtype><attwidth Sync="TRUE">19</attwidth><atprecis Sync="TRUE">0</atprecis><attscale Sync="TRUE">0</attscale></attr><attr><attrlabl Sync="TRUE">EP_RENTER</attrlabl><attalias Sync="TRUE">EP_RENTER</attalias><attrtype Sync="TRUE">Double</attrtype><attwidth Sync="TRUE">19</attwidth><atprecis Sync="TRUE">0</atprecis><attscale Sync="TRUE">0</attscale></attr><attr><attrlabl Sync="TRUE">EP_HOUBDN</attrlabl><attalias Sync="TRUE">EP_HOUBDN</attalias><attrtype Sync="TRUE">Double</attrtype><attwidth Sync="TRUE">19</attwidth><atprecis Sync="TRUE">0</atprecis><attscale Sync="TRUE">0</attscale></attr><attr><attrlabl Sync="TRUE">EP_UNINSUR</attrlabl><attalias Sync="TRUE">EP_UNINSUR</attalias><attrtype Sync="TRUE">Double</attrtype><attwidth Sync="TRUE">19</attwidth><atprecis Sync="TRUE">0</atprecis><attscale Sync="TRUE">0</attscale></attr><attr><attrlabl Sync="TRUE">EP_NOINT</attrlabl><attalias Sync="TRUE">EP_NOINT</attalias><attrtype Sync="TRUE">Double</attrtype><attwidth Sync="TRUE">19</attwidth><atprecis Sync="TRUE">0</atprecis><attscale Sync="TRUE">0</attscale></attr><attr><attrlabl Sync="TRUE">EP_AGE65</attrlabl><attalias Sync="TRUE">EP_AGE65</attalias><attrtype Sync="TRUE">Double</attrtype><attwidth Sync="TRUE">19</attwidth><atprecis Sync="TRUE">0</atprecis><attscale Sync="TRUE">0</attscale></attr><attr><attrlabl Sync="TRUE">EP_AGE17</attrlabl><attalias Sync="TRUE">EP_AGE17</attalias><attrtype Sync="TRUE">Double</attrtype><attwidth Sync="TRUE">19</attwidth><atprecis Sync="TRUE">0</atprecis><attscale Sync="TRUE">0</attscale></attr><attr><attrlabl Sync="TRUE">EP_DISABL</attrlabl><attalias Sync="TRUE">EP_DISABL</attalias><attrtype Sync="TRUE">Double</attrtype><attwidth Sync="TRUE">19</attwidth><atprecis Sync="TRUE">0</atprecis><attscale Sync="TRUE">0</attscale></attr><attr><attrlabl Sync="TRUE">EP_LIMENG</attrlabl><attalias Sync="TRUE">EP_LIMENG</attalias><attrtype Sync="TRUE">Double</attrtype><attwidth Sync="TRUE">19</attwidth><atprecis Sync="TRUE">0</atprecis><attscale Sync="TRUE">0</attscale></attr><attr><attrlabl Sync="TRUE">EP_MOBILE</attrlabl><attalias Sync="TRUE">EP_MOBILE</attalias><attrtype Sync="TRUE">Double</attrtype><attwidth Sync="TRUE">19</attwidth><atprecis Sync="TRUE">0</atprecis><attscale Sync="TRUE">0</attscale></attr><attr><attrlabl Sync="TRUE">EP_GROUPQ</attrlabl><attalias Sync="TRUE">EP_GROUPQ</attalias><attrtype Sync="TRUE">Double</attrtype><attwidth Sync="TRUE">19</attwidth><atprecis Sync="TRUE">0</atprecis><attscale Sync="TRUE">0</attscale></attr><attr><attrlabl Sync="TRUE">EP_BPHIGH</attrlabl><attalias Sync="TRUE">EP_BPHIGH</attalias><attrtype Sync="TRUE">Double</attrtype><attwidth Sync="TRUE">19</attwidth><atprecis Sync="TRUE">0</atprecis><attscale Sync="TRUE">0</attscale></attr><attr><attrlabl Sync="TRUE">EP_ASTHMA</attrlabl><attalias Sync="TRUE">EP_ASTHMA</attalias><attrtype Sync="TRUE">Double</attrtype><attwidth Sync="TRUE">19</attwidth><atprecis Sync="TRUE">0</atprecis><attscale Sync="TRUE">0</attscale></attr><attr><attrlabl Sync="TRUE">EP_CANCER</attrlabl><attalias Sync="TRUE">EP_CANCER</attalias><attrtype Sync="TRUE">Double</attrtype><attwidth Sync="TRUE">19</attwidth><atprecis Sync="TRUE">0</atprecis><attscale Sync="TRUE">0</attscale></attr><attr><attrlabl Sync="TRUE">EP_MHLTH</attrlabl><attalias Sync="TRUE">EP_MHLTH</attalias><attrtype Sync="TRUE">Double</attrtype><attwidth Sync="TRUE">19</attwidth><atprecis Sync="TRUE">0</atprecis><attscale Sync="TRUE">0</attscale></attr><attr><attrlabl Sync="TRUE">EP_DIABETE</attrlabl><attalias Sync="TRUE">EP_DIABETE</attalias><attrtype Sync="TRUE">Double</attrtype><attwidth Sync="TRUE">19</attwidth><atprecis Sync="TRUE">0</atprecis><attscale Sync="TRUE">0</attscale></attr><attr><attrlabl Sync="TRUE">EPL_BPHIGH</attrlabl><attalias Sync="TRUE">EPL_BPHIGH</attalias><attrtype Sync="TRUE">Double</attrtype><attwidth Sync="TRUE">19</attwidth><atprecis Sync="TRUE">0</atprecis><attscale Sync="TRUE">0</attscale></attr><attr><attrlabl Sync="TRUE">EPL_ASTHMA</attrlabl><attalias Sync="TRUE">EPL_ASTHMA</attalias><attrtype Sync="TRUE">Double</attrtype><attwidth Sync="TRUE">19</attwidth><atprecis Sync="TRUE">0</atprecis><attscale Sync="TRUE">0</attscale></attr><attr><attrlabl Sync="TRUE">EPL_CANCER</attrlabl><attalias Sync="TRUE">EPL_CANCER</attalias><attrtype Sync="TRUE">Double</attrtype><attwidth Sync="TRUE">19</attwidth><atprecis Sync="TRUE">0</atprecis><attscale Sync="TRUE">0</attscale></attr><attr><attrlabl Sync="TRUE">EPL_DIABET</attrlabl><attalias Sync="TRUE">EPL_DIABET</attalias><attrtype Sync="TRUE">Double</attrtype><attwidth Sync="TRUE">19</attwidth><atprecis Sync="TRUE">0</atprecis><attscale Sync="TRUE">0</attscale></attr><attr><attrlabl Sync="TRUE">EPL_MHLTH</attrlabl><attalias Sync="TRUE">EPL_MHLTH</attalias><attrtype Sync="TRUE">Double</attrtype><attwidth Sync="TRUE">19</attwidth><atprecis Sync="TRUE">0</atprecis><attscale Sync="TRUE">0</attscale></attr><attr><attrlabl Sync="TRUE">Shape_Leng</attrlabl><attalias Sync="TRUE">Shape_Leng</attalias><attrtype Sync="TRUE">Double</attrtype><attwidth Sync="TRUE">19</attwidth><atprecis Sync="TRUE">0</atprecis><attscale Sync="TRUE">0</attscale></attr><attr><attrlabl Sync="TRUE">SHAPE_Area</attrlabl><attalias Sync="TRUE">Shape_Area</attalias><attrtype Sync="TRUE">Double</attrtype><attwidth Sync="TRUE">19</attwidth><atprecis Sync="TRUE">0</atprecis><attscale Sync="TRUE">0</attscale><attrdef Sync="TRUE">Area of feature in internal units squared.</attrdef><attrdefs Sync="TRUE">Esri</attrdefs><attrdomv><udom Sync="TRUE">Positive real numbers that are automatically generated.</udom></attrdomv></attr></detailed></eainfo><mdDateSt Sync="TRUE">20240216</mdDateSt></metadata>
